{
  "train_loss": [
    0.045030436935396
  ],
  "val_loss": [
    0.04373734512555054
  ],
  "val_auc": [
    0.5975651577503429
  ],
  "val_f1": [
    0.6396396396396397
  ]
}